q0	how does knowledge graphs work
q1	what is evaluation metrics
q2	how does neural networks work
q3	what is recommendation systems
q4	what is machine learning
q5	what is computer vision
q6	what is overfitting regularization
q7	how does neural networks work
q8	what is knowledge graphs
q9	how does knowledge graphs work
q10	explain search ranking
q11	how does knowledge graphs work
q12	explain time series forecasting
q13	what is computer vision
q14	explain natural language processing
q15	how does knowledge graphs work
q16	explain federated learning
q17	what is transformer models
q18	what is transformer models
q19	explain knowledge graphs
q20	what is computer vision
q21	what is time series forecasting
q22	what is knowledge graphs
q23	explain knowledge graphs
q24	explain neural networks
q25	what is computer vision
q26	what is overfitting regularization
q27	what is knowledge graphs
q28	what is neural networks
q29	how does neural networks work
q30	what is data preprocessing
q31	explain search ranking
q32	what is knowledge graphs
q33	what is transformer models
q34	what is neural networks
q35	how does overfitting regularization work
q36	how does recommendation systems work
q37	how does overfitting regularization work
q38	explain time series forecasting
q39	how does overfitting regularization work
q40	what is time series forecasting
q41	explain search ranking
q42	what is transformer models
q43	explain overfitting regularization
q44	what is overfitting regularization
q45	explain gradient descent
q46	what is federated learning
q47	what is overfitting regularization
q48	explain recommendation systems
q49	how does knowledge graphs work
q50	explain recommendation systems
q51	what is computer vision
q52	how does gradient descent work
q53	how does computer vision work
q54	what is federated learning
q55	how does recommendation systems work
q56	how does recommendation systems work
q57	how does overfitting regularization work
q58	how does data preprocessing work
q59	explain search ranking
q60	explain computer vision
q61	how does natural language processing work
q62	what is information retrieval
q63	what is time series forecasting
q64	explain gradient descent
q65	what is federated learning
q66	how does federated learning work
q67	explain natural language processing
q68	explain gradient descent
q69	what is evaluation metrics
q70	explain time series forecasting
q71	explain search ranking
q72	explain knowledge graphs
q73	what is recommendation systems
q74	what is machine learning
q75	what is recommendation systems
q76	how does information retrieval work
q77	what is information retrieval
q78	what is neural networks
q79	explain machine learning
q80	explain overfitting regularization
q81	explain evaluation metrics
q82	how does federated learning work
q83	explain information retrieval
q84	how does evaluation metrics work
q85	explain knowledge graphs
q86	explain overfitting regularization
q87	how does natural language processing work
q88	what is overfitting regularization
q89	what is machine learning
q90	what is federated learning
q91	what is computer vision
q92	what is time series forecasting
q93	what is recommendation systems
q94	how does recommendation systems work
q95	what is time series forecasting
q96	explain search ranking
q97	explain information retrieval
q98	how does search ranking work
q99	what is transformer models
q100	how does overfitting regularization work
q101	what is neural networks
q102	how does natural language processing work
q103	what is federated learning
q104	what is information retrieval
q105	what is transformer models
q106	explain transformer models
q107	what is evaluation metrics
q108	what is neural networks
q109	what is neural networks
q110	explain knowledge graphs
q111	what is natural language processing
q112	how does information retrieval work
q113	how does information retrieval work
q114	how does neural networks work
q115	how does search ranking work
q116	explain data preprocessing
q117	explain knowledge graphs
q118	what is knowledge graphs
q119	what is overfitting regularization
q120	how does overfitting regularization work
q121	how does evaluation metrics work
q122	what is data preprocessing
q123	explain search ranking
q124	what is search ranking
q125	how does knowledge graphs work
q126	what is information retrieval
q127	how does evaluation metrics work
q128	what is search ranking
q129	what is information retrieval
q130	how does evaluation metrics work
q131	what is machine learning
q132	explain knowledge graphs
q133	what is machine learning
q134	how does overfitting regularization work
q135	how does machine learning work
q136	explain evaluation metrics
q137	what is recommendation systems
q138	explain neural networks
q139	how does evaluation metrics work
q140	what is time series forecasting
q141	how does federated learning work
q142	what is time series forecasting
q143	how does search ranking work
q144	how does overfitting regularization work
q145	explain neural networks
q146	what is natural language processing
q147	explain knowledge graphs
q148	how does time series forecasting work
q149	how does recommendation systems work
q150	what is knowledge graphs
q151	what is data preprocessing
q152	how does search ranking work
q153	how does evaluation metrics work
q154	how does neural networks work
q155	what is data preprocessing
q156	how does evaluation metrics work
q157	explain natural language processing
q158	what is recommendation systems
q159	explain evaluation metrics
q160	how does time series forecasting work
q161	explain natural language processing
q162	explain search ranking
q163	how does overfitting regularization work
q164	what is neural networks
q165	how does data preprocessing work
q166	what is overfitting regularization
q167	what is gradient descent
q168	how does search ranking work
q169	what is knowledge graphs
q170	what is computer vision
q171	explain computer vision
q172	explain overfitting regularization
q173	how does recommendation systems work
q174	what is search ranking
q175	how does overfitting regularization work
q176	what is federated learning
q177	explain neural networks
q178	what is information retrieval
q179	explain federated learning
q180	explain knowledge graphs
q181	how does overfitting regularization work
q182	what is natural language processing
q183	what is overfitting regularization
q184	what is evaluation metrics
q185	explain gradient descent
q186	what is data preprocessing
q187	explain computer vision
q188	explain federated learning
q189	how does transformer models work
q190	what is knowledge graphs
q191	what is information retrieval
q192	what is transformer models
q193	what is computer vision
q194	what is transformer models
q195	what is federated learning
q196	how does recommendation systems work
q197	how does natural language processing work
q198	how does knowledge graphs work
q199	what is evaluation metrics
q200	what is search ranking
q201	what is knowledge graphs
q202	what is knowledge graphs
q203	explain federated learning
q204	what is search ranking
q205	what is overfitting regularization
q206	what is neural networks
q207	what is neural networks
q208	what is knowledge graphs
q209	explain search ranking
q210	explain federated learning
q211	explain time series forecasting
q212	what is gradient descent
q213	what is knowledge graphs
q214	how does overfitting regularization work
q215	explain neural networks
q216	what is computer vision
q217	explain natural language processing
q218	what is data preprocessing
q219	what is time series forecasting
q220	how does federated learning work
q221	what is transformer models
q222	what is neural networks
q223	how does search ranking work
q224	what is neural networks
q225	what is federated learning
q226	what is recommendation systems
q227	what is transformer models
q228	how does federated learning work
q229	what is search ranking
q230	how does machine learning work
q231	what is knowledge graphs
q232	what is information retrieval
q233	explain computer vision
q234	what is information retrieval
q235	what is overfitting regularization
q236	what is neural networks
q237	how does gradient descent work
q238	how does federated learning work
q239	what is evaluation metrics
q240	how does federated learning work
q241	explain gradient descent
q242	what is data preprocessing
q243	what is neural networks
q244	what is information retrieval
q245	how does transformer models work
q246	explain neural networks
q247	how does overfitting regularization work
q248	what is data preprocessing
q249	how does information retrieval work
q250	what is gradient descent
q251	what is natural language processing
q252	what is information retrieval
q253	what is information retrieval
q254	how does transformer models work
q255	explain search ranking
q256	explain overfitting regularization
q257	how does information retrieval work
q258	explain computer vision
q259	how does evaluation metrics work
q260	what is search ranking
q261	what is federated learning
q262	how does machine learning work
q263	what is information retrieval
q264	what is machine learning
q265	explain recommendation systems
q266	how does evaluation metrics work
q267	how does recommendation systems work
q268	what is transformer models
q269	how does gradient descent work
q270	explain evaluation metrics
q271	what is federated learning
q272	explain information retrieval
q273	what is natural language processing
q274	how does search ranking work
q275	explain information retrieval
q276	what is search ranking
q277	what is information retrieval
q278	explain recommendation systems
q279	how does gradient descent work
q280	what is evaluation metrics
q281	what is information retrieval
q282	what is search ranking
q283	explain recommendation systems
q284	explain evaluation metrics
q285	how does computer vision work
q286	what is transformer models
q287	what is overfitting regularization
q288	what is federated learning
q289	how does natural language processing work
q290	explain machine learning
q291	how does natural language processing work
q292	what is information retrieval
q293	what is federated learning
q294	what is information retrieval
q295	what is computer vision
q296	what is transformer models
q297	what is neural networks
q298	explain time series forecasting
q299	how does knowledge graphs work
q300	what is evaluation metrics
q301	explain time series forecasting
q302	how does information retrieval work
q303	what is time series forecasting
q304	explain overfitting regularization
q305	what is transformer models
q306	explain recommendation systems
q307	explain information retrieval
q308	what is evaluation metrics
q309	how does data preprocessing work
q310	what is knowledge graphs
q311	explain evaluation metrics
q312	explain information retrieval
q313	explain natural language processing
q314	what is machine learning
q315	what is transformer models
q316	how does search ranking work
q317	what is gradient descent
q318	what is gradient descent
q319	how does recommendation systems work
q320	what is transformer models
q321	explain evaluation metrics
q322	what is data preprocessing
q323	what is natural language processing
q324	what is machine learning
q325	what is search ranking
q326	what is natural language processing
q327	how does search ranking work
q328	what is transformer models
q329	explain computer vision
q330	explain search ranking
q331	what is machine learning
q332	explain federated learning
q333	what is information retrieval
q334	what is federated learning
q335	what is evaluation metrics
q336	how does neural networks work
q337	what is machine learning
q338	what is knowledge graphs
q339	what is data preprocessing
q340	how does overfitting regularization work
q341	what is federated learning
q342	how does computer vision work
q343	how does knowledge graphs work
q344	what is search ranking
q345	explain transformer models
q346	what is machine learning
q347	explain time series forecasting
q348	explain overfitting regularization
q349	how does evaluation metrics work
q350	how does knowledge graphs work
q351	how does knowledge graphs work
q352	how does time series forecasting work
q353	explain overfitting regularization
q354	explain machine learning
q355	what is knowledge graphs
q356	explain data preprocessing
q357	explain time series forecasting
q358	explain neural networks
q359	what is gradient descent
q360	what is machine learning
q361	how does recommendation systems work
q362	what is search ranking
q363	how does natural language processing work
q364	explain search ranking
q365	what is recommendation systems
q366	explain gradient descent
q367	explain time series forecasting
q368	what is time series forecasting
q369	explain time series forecasting
q370	explain gradient descent
q371	how does recommendation systems work
q372	how does overfitting regularization work
q373	how does machine learning work
q374	how does recommendation systems work
q375	what is computer vision
q376	how does time series forecasting work
q377	explain data preprocessing
q378	how does information retrieval work
q379	what is information retrieval
q380	what is computer vision
q381	explain overfitting regularization
q382	how does information retrieval work
q383	explain knowledge graphs
q384	explain recommendation systems
q385	what is transformer models
q386	explain information retrieval
q387	explain evaluation metrics
q388	explain overfitting regularization
q389	what is evaluation metrics
q390	what is recommendation systems
q391	what is search ranking
q392	what is transformer models
q393	explain data preprocessing
q394	what is machine learning
q395	what is recommendation systems
q396	explain data preprocessing
q397	explain search ranking
q398	what is federated learning
q399	what is recommendation systems
q400	explain evaluation metrics
q401	explain computer vision
q402	how does gradient descent work
q403	what is knowledge graphs
q404	what is search ranking
q405	what is computer vision
q406	what is information retrieval
q407	what is computer vision
q408	how does time series forecasting work
q409	how does recommendation systems work
q410	explain data preprocessing
q411	how does transformer models work
q412	explain machine learning
q413	how does recommendation systems work
q414	how does machine learning work
q415	explain knowledge graphs
q416	how does recommendation systems work
q417	what is federated learning
q418	what is transformer models
q419	what is data preprocessing
q420	what is gradient descent
q421	what is search ranking
q422	what is natural language processing
q423	how does transformer models work
q424	how does recommendation systems work
q425	how does neural networks work
q426	how does evaluation metrics work
q427	what is neural networks
q428	what is computer vision
q429	explain overfitting regularization
q430	what is transformer models
q431	what is gradient descent
q432	explain recommendation systems
q433	what is natural language processing
q434	explain evaluation metrics
q435	what is federated learning
q436	what is search ranking
q437	what is search ranking
q438	what is neural networks
q439	what is information retrieval
q440	explain evaluation metrics
q441	how does gradient descent work
q442	how does evaluation metrics work
q443	what is neural networks
q444	what is gradient descent
q445	what is evaluation metrics
q446	what is transformer models
q447	how does federated learning work
q448	what is evaluation metrics
q449	explain evaluation metrics
q450	what is data preprocessing
q451	explain machine learning
q452	what is data preprocessing
q453	what is data preprocessing
q454	what is federated learning
q455	what is transformer models
q456	what is neural networks
q457	how does knowledge graphs work
q458	explain transformer models
q459	what is overfitting regularization
q460	explain data preprocessing
q461	what is time series forecasting
q462	how does machine learning work
q463	what is machine learning
q464	what is neural networks
q465	what is computer vision
q466	explain transformer models
q467	what is knowledge graphs
q468	what is information retrieval
q469	what is data preprocessing
q470	what is data preprocessing
q471	what is recommendation systems
q472	how does neural networks work
q473	what is computer vision
q474	explain transformer models
q475	explain recommendation systems
q476	explain data preprocessing
q477	what is data preprocessing
q478	how does transformer models work
q479	what is information retrieval
q480	what is natural language processing
q481	how does machine learning work
q482	how does recommendation systems work
q483	explain federated learning
q484	what is knowledge graphs
q485	how does machine learning work
q486	how does natural language processing work
q487	what is data preprocessing
q488	how does computer vision work
q489	what is machine learning
q490	how does data preprocessing work
q491	explain gradient descent
q492	explain evaluation metrics
q493	explain federated learning
q494	what is overfitting regularization
q495	what is recommendation systems
q496	what is machine learning
q497	what is natural language processing
q498	what is overfitting regularization
q499	explain federated learning
q500	explain transformer models
q501	what is evaluation metrics
q502	explain information retrieval
q503	what is search ranking
q504	explain machine learning
q505	explain search ranking
q506	what is neural networks
q507	what is time series forecasting
q508	explain neural networks
q509	how does data preprocessing work
q510	how does natural language processing work
q511	how does time series forecasting work
q512	what is knowledge graphs
q513	explain recommendation systems
q514	how does overfitting regularization work
q515	what is natural language processing
q516	what is time series forecasting
q517	explain federated learning
q518	how does gradient descent work
q519	explain time series forecasting
q520	how does data preprocessing work
q521	what is natural language processing
q522	explain neural networks
q523	what is machine learning
q524	what is search ranking
q525	what is time series forecasting
q526	what is gradient descent
q527	what is knowledge graphs
q528	what is evaluation metrics
q529	how does federated learning work
q530	what is federated learning
q531	what is machine learning
q532	what is information retrieval
q533	what is recommendation systems
q534	how does computer vision work
q535	what is time series forecasting
q536	how does gradient descent work
q537	what is computer vision
q538	what is knowledge graphs
q539	explain overfitting regularization
q540	what is knowledge graphs
q541	explain gradient descent
q542	explain natural language processing
q543	how does search ranking work
q544	explain knowledge graphs
q545	what is gradient descent
q546	what is search ranking
q547	what is neural networks
q548	how does recommendation systems work
q549	explain natural language processing
q550	how does gradient descent work
q551	explain transformer models
q552	how does natural language processing work
q553	what is data preprocessing
q554	explain recommendation systems
q555	explain information retrieval
q556	explain machine learning
q557	what is data preprocessing
q558	explain data preprocessing
q559	what is knowledge graphs
q560	explain federated learning
q561	what is search ranking
q562	how does natural language processing work
q563	what is information retrieval
q564	explain information retrieval
q565	how does natural language processing work
q566	how does overfitting regularization work
q567	what is transformer models
q568	what is gradient descent
q569	how does data preprocessing work
q570	what is time series forecasting
q571	explain natural language processing
q572	what is machine learning
q573	what is machine learning
q574	what is machine learning
q575	explain computer vision
q576	what is federated learning
q577	what is computer vision
q578	how does neural networks work
q579	what is recommendation systems
q580	what is federated learning
q581	what is machine learning
q582	explain transformer models
q583	what is time series forecasting
q584	what is overfitting regularization
q585	what is computer vision
q586	explain federated learning
q587	what is data preprocessing
q588	what is natural language processing
q589	how does information retrieval work
q590	what is natural language processing
q591	explain natural language processing
q592	explain federated learning
q593	explain data preprocessing
q594	how does recommendation systems work
q595	what is neural networks
q596	what is gradient descent
q597	how does recommendation systems work
q598	how does natural language processing work
q599	explain transformer models
q600	explain transformer models
q601	how does recommendation systems work
q602	explain natural language processing
q603	what is data preprocessing
q604	how does federated learning work
q605	how does gradient descent work
q606	what is search ranking
q607	how does overfitting regularization work
q608	what is recommendation systems
q609	explain federated learning
q610	what is gradient descent
q611	what is data preprocessing
q612	what is evaluation metrics
q613	how does natural language processing work
q614	what is knowledge graphs
q615	what is information retrieval
q616	what is transformer models
q617	what is information retrieval
q618	explain knowledge graphs
q619	what is computer vision
q620	what is overfitting regularization
q621	how does machine learning work
q622	explain neural networks
q623	what is knowledge graphs
q624	how does federated learning work
q625	what is machine learning
q626	what is gradient descent
q627	how does neural networks work
q628	what is knowledge graphs
q629	what is transformer models
q630	explain gradient descent
q631	how does data preprocessing work
q632	how does gradient descent work
q633	what is machine learning
q634	what is overfitting regularization
q635	what is overfitting regularization
q636	explain overfitting regularization
q637	how does information retrieval work
q638	what is transformer models
q639	explain time series forecasting
q640	how does federated learning work
q641	what is machine learning
q642	how does time series forecasting work
q643	how does federated learning work
q644	how does gradient descent work
q645	how does federated learning work
q646	explain recommendation systems
q647	what is gradient descent
q648	what is neural networks
q649	what is knowledge graphs
q650	what is data preprocessing
q651	explain time series forecasting
q652	what is search ranking
q653	what is transformer models
q654	what is knowledge graphs
q655	explain transformer models
q656	what is transformer models
q657	explain gradient descent
q658	explain federated learning
q659	explain overfitting regularization
q660	what is federated learning
q661	what is evaluation metrics
q662	explain search ranking
q663	what is federated learning
q664	explain search ranking
q665	what is information retrieval
q666	what is federated learning
q667	what is knowledge graphs
q668	what is federated learning
q669	explain natural language processing
q670	what is time series forecasting
q671	how does machine learning work
q672	what is machine learning
q673	how does time series forecasting work
q674	what is neural networks
q675	what is search ranking
q676	how does gradient descent work
q677	what is gradient descent
q678	what is transformer models
q679	what is evaluation metrics
q680	how does neural networks work
q681	explain recommendation systems
q682	what is federated learning
q683	how does time series forecasting work
q684	what is computer vision
q685	explain transformer models
q686	how does recommendation systems work
q687	explain information retrieval
q688	what is transformer models
q689	what is gradient descent
q690	how does search ranking work
q691	how does information retrieval work
q692	how does neural networks work
q693	explain knowledge graphs
q694	what is information retrieval
q695	explain machine learning
q696	how does time series forecasting work
q697	what is knowledge graphs
q698	how does natural language processing work
q699	what is knowledge graphs
q700	how does federated learning work
q701	how does data preprocessing work
q702	what is knowledge graphs
q703	explain federated learning
q704	how does recommendation systems work
q705	explain evaluation metrics
q706	what is overfitting regularization
q707	how does machine learning work
q708	how does neural networks work
q709	what is search ranking
q710	how does machine learning work
q711	what is natural language processing
q712	explain natural language processing
q713	what is recommendation systems
q714	what is transformer models
q715	explain gradient descent
q716	what is recommendation systems
q717	how does recommendation systems work
q718	what is recommendation systems
q719	explain transformer models
q720	what is computer vision
q721	explain search ranking
q722	what is neural networks
q723	how does natural language processing work
q724	how does machine learning work
q725	what is neural networks
q726	explain overfitting regularization
q727	what is gradient descent
q728	how does search ranking work
q729	what is information retrieval
q730	explain computer vision
q731	explain recommendation systems
q732	what is transformer models
q733	what is information retrieval
q734	explain information retrieval
q735	how does computer vision work
q736	what is gradient descent
q737	how does machine learning work
q738	how does computer vision work
q739	what is evaluation metrics
q740	what is data preprocessing
q741	what is evaluation metrics
q742	what is federated learning
q743	what is neural networks
q744	what is machine learning
q745	what is computer vision
q746	what is gradient descent
q747	what is overfitting regularization
q748	how does evaluation metrics work
q749	how does federated learning work
q750	what is evaluation metrics
q751	how does evaluation metrics work
q752	how does knowledge graphs work
q753	how does gradient descent work
q754	how does overfitting regularization work
q755	how does neural networks work
q756	explain data preprocessing
q757	what is recommendation systems
q758	what is computer vision
q759	what is transformer models
q760	explain gradient descent
q761	what is neural networks
q762	what is evaluation metrics
q763	what is natural language processing
q764	what is natural language processing
q765	explain natural language processing
q766	explain data preprocessing
q767	how does evaluation metrics work
q768	explain gradient descent
q769	what is neural networks
q770	what is information retrieval
q771	what is data preprocessing
q772	what is neural networks
q773	explain evaluation metrics
q774	explain overfitting regularization
q775	explain machine learning
q776	what is neural networks
q777	explain machine learning
q778	what is federated learning
q779	what is overfitting regularization
q780	what is natural language processing
q781	what is federated learning
q782	explain machine learning
q783	how does federated learning work
q784	what is computer vision
q785	what is information retrieval
q786	explain information retrieval
q787	what is time series forecasting
q788	explain search ranking
q789	what is machine learning
q790	what is recommendation systems
q791	explain neural networks
q792	what is neural networks
q793	what is natural language processing
q794	what is gradient descent
q795	what is search ranking
q796	explain information retrieval
q797	what is transformer models
q798	what is computer vision
q799	what is transformer models
